angle,relative intensity
0,1
2,0.877192982
4,0.86622807
6,0.789473684
8,0.723684211
10,0.701754386
12,0.646929825
15,0.515350877
20,0.416666667
